Date,SRAD,TMAX,TMIN,RAIN,Dew Pt,WIND,ET
1/01/2019,32.1,36.2,13.6,0,-99,-99,11.6
2/01/2019,29.9,36.1,15.6,0,-99,-99,10.7
3/01/2019,31.9,39.9,16.5,0,-99,-99,9.2
4/01/2019,30.8,44.7,19.9,0,-99,-99,14.2
5/01/2019,26.5,27.3,15.5,0,-99,-99,12
6/01/2019,31.8,30.1,11.1,0,-99,-99,1.2
7/01/2019,24.5,30.8,13.6,0,-99,-99,4.8
8/01/2019,31.6,32.6,13,0,-99,-99,9.7
9/01/2019,31.5,27.9,13.1,0,-99,-99,10.4
10/01/2019,27.8,30.5,11,0,-99,-99,10.5
11/01/2019,30,38.8,11.8,0,-99,-99,6.7
12/01/2019,31.2,38.3,16.6,0,-99,-99,10
13/01/2019,31.2,37.1,14,0,-99,-99,9.4
14/01/2019,31,42.7,15.1,0,-99,-99,10.6
15/01/2019,23.6,43.9,17.9,0,-99,-99,11.2
16/01/2019,23.2,42.5,17.8,0,-99,-99,12
17/01/2019,24.2,41.3,24.6,0,-99,-99,15.75
18/01/2019,13.5,33.9,22.8,0,-99,-99,19.5
19/01/2019,28.9,31.9,14.1,0,-99,-99,9.6
20/01/2019,29.7,35.7,15.9,0,-99,-99,4.6
21/01/2019,29.6,39.4,19,0,-99,-99,8.8
22/01/2019,28.9,42.5,21,0,-99,-99,8.3
23/01/2019,30.1,41.4,23.5,0,-99,-99,8
24/01/2019,30,45.4,21.6,0,-99,-99,9.7
25/01/2019,27.3,41.4,22.8,0,-99,-99,8
26/01/2019,25.5,32.6,19.4,0,-99,-99,9.3
27/01/2019,16.3,27.8,16.6,5,-99,-99,10.8
28/01/2019,29.8,32.3,12.9,0,-99,-99,10.7
29/01/2019,29.5,36.8,15.1,0,-99,-99,9.2
30/01/2019,29.1,41.9,16,0,-99,-99,8.7
31/01/2019,28.9,28.3,15.4,0,-99,-99,11.6
1/02/2019,29.1,30.2,12,0,-99,-99,10.2
2/02/2019,28.9,37.4,11.5,0,-99,-99,4.5
3/02/2019,26.5,43.4,17.4,0,-99,-99,6.5
4/02/2019,22.2,30.9,17.6,0,-99,-99,8
5/02/2019,28.6,33.6,15.3,0.3,-99,-99,9
6/02/2019,11.6,27.9,18.4,0,-99,-99,9.8
7/02/2019,27.3,33.4,17.8,2.4,-99,-99,8
8/02/2019,24.1,27.1,15.3,0,-99,-99,8.7
9/02/2019,24.2,25.1,13.9,0,-99,-99,11.6
10/02/2019,24.7,27.4,7.7,0,-99,-99,14.4
11/02/2019,27.4,31.2,11.2,0,-99,-99,17.2
12/02/2019,17.2,24.1,17,0,-99,-99,9.6
13/02/2019,23.1,24.1,9.6,0,-99,-99,6.6
14/02/2019,27.1,27,6.8,0,-99,-99,9
15/02/2019,26.9,31.8,10.6,0,-99,-99,10.5
16/02/2019,26.5,34.2,14.6,0,-99,-99,8.8
17/02/2019,24.2,36.4,13.8,0,-99,-99,8
18/02/2019,15.5,27,17.2,0,-99,-99,7.6
19/02/2019,25.3,26,8.5,0,-99,-99,10.3
20/02/2019,25.9,27.7,8.1,0,-99,-99,7.6
21/02/2019,25.7,28.9,11.9,0,-99,-99,8.6
22/02/2019,25.5,33.1,13,0,-99,-99,8.4
23/02/2019,25.3,33.8,15.3,0,-99,-99,8
24/02/2019,25.1,36.6,11.4,0,-99,-99,7.4
25/02/2019,24.1,36.5,13.5,0,-99,-99,9
26/02/2019,24.6,37.2,13.9,0,-99,-99,10.6
27/02/2019,24.6,37.9,18.1,0,-99,-99,8
28/02/2019,24.1,39.5,14.6,0,-99,-99,7.5
1/03/2019,24.2,38.5,16.4,0,-99,-99,6.1
2/03/2019,24.1,38.9,16.4,0,-99,-99,11.6
3/03/2019,18.6,40.5,17.3,0,-99,-99,9.4
4/03/2019,8.9,30.5,18.9,0,-99,-99,4.5
5/03/2019,21.7,31.2,16.4,0,-99,-99,1.3
6/03/2019,18,22.2,14.1,0,-99,-99,6.2
7/03/2019,22.6,24.7,6.6,0,-99,-99,5.8
8/03/2019,20.1,32.4,9.1,0,-99,-99,7.3
9/03/2019,21.4,33,16.7,0,-99,-99,7
10/03/2019,10.7,30.1,15.4,0,-99,-99,6.6
11/03/2019,19.5,29.7,13.8,0,-99,-99,5.6
12/03/2019,17.3,24.4,15.7,0,-99,-99,9.5
13/03/2019,17.8,23.4,8.2,0,-99,-99,9.4
14/03/2019,21.7,28.1,5.5,0,-99,-99,11
15/03/2019,21.5,27.9,10.6,0,-99,-99,8.3
16/03/2019,21.3,31.7,12.7,0,-99,-99,6.6
17/03/2019,21.1,34.1,14.6,0,-99,-99,6.4
18/03/2019,20.6,34,14.9,0,-99,-99,7.6
19/03/2019,20.6,34.5,14.5,0,-99,-99,7.1
20/03/2019,20.4,35.2,13.5,0,-99,-99,11.6
21/03/2019,18.2,32.3,16.4,0,-99,-99,7.2
22/03/2019,19.9,36,17.9,0,-99,-99,6.4
23/03/2019,18.4,34,21.3,0,-99,-99,6.8
24/03/2019,7.1,25.5,18.3,1.2,-99,-99,5.9
25/03/2019,16.1,22.2,15.4,1.5,-99,-99,3.4
26/03/2019,18.1,22.7,6,0,-99,-99,6.4
27/03/2019,19.2,26.3,9.2,0,-99,-99,5.6
28/03/2019,18.9,30,6.4,0,-99,-99,4.8
29/03/2019,13.4,27.7,10.7,0,-99,-99,7.1
30/03/2019,14.8,18.9,7.7,0.8,-99,-99,2.9
31/03/2019,10.8,23.1,10,0,-99,-99,6.6
1/04/2019,13.5,22,10.4,0,-99,-99,3.5
2/04/2019,18.2,27.6,6.4,0,-99,-99,1.2
3/04/2019,17.2,30.8,7.2,0,-99,-99,3.1
4/04/2019,15.8,31.1,15.2,0,-99,-99,7.6
5/04/2019,17.2,34.1,14.2,0,-99,-99,3.9
6/04/2019,16.9,24.7,13.7,0,-99,-99,4.4
7/04/2019,17.3,28.3,5.6,0,-99,-99,2.7
8/04/2019,17,26.6,7.7,0,-99,-99,3.2
9/04/2019,14.1,19.5,11.6,0.1,-99,-99,5
10/04/2019,16.9,19,3.6,0,-99,-99,3.5
11/04/2019,15.9,21.2,4.1,0,-99,-99,6.6
12/04/2019,16.5,25,1.5,0,-99,-99,7.4
13/04/2019,8.2,23.2,3.8,0,-99,-99,2.8
14/04/2019,13.8,27,14.3,0,-99,-99,3.4
15/04/2019,12.3,31.3,7.2,0,-99,-99,6
16/04/2019,15.5,35.6,10.7,0,-99,-99,5.6
17/04/2019,8.9,32.5,17.3,0,-99,-99,5.7
18/04/2019,15.4,23.3,10.9,0,-99,-99,2.8
19/04/2019,14.1,30.9,8.2,0,-99,-99,3.2
20/04/2019,13.7,32.8,11.4,0,-99,-99,5.3
21/04/2019,7.4,21.5,17.2,0,-99,-99,4
22/04/2019,14.8,21.3,10.4,0.2,-99,-99,4
23/04/2019,12.5,22.9,7.6,0,-99,-99,3.2
24/04/2019,13.9,23.6,12.1,0,-99,-99,2.2
25/04/2019,14.7,23.2,3.4,0,-99,-99,2.8
26/04/2019,11.2,19.4,10.2,0,-99,-99,4.5
27/04/2019,14.3,19.4,1.1,0,-99,-99,3.3
28/04/2019,13.5,21.4,4.2,0,-99,-99,1.7
29/04/2019,14.1,21.1,2.3,0,-99,-99,1.5
30/04/2019,9.2,23.5,3.9,0,-99,-99,2.4
1/05/2019,13,23.9,12.8,0.3,-99,-99,3
2/05/2019,12.9,21.5,5.9,0,-99,-99,3.1
3/05/2019,11.7,20.6,2.8,0,-99,-99,2
4/05/2019,8.3,18.3,11,0,-99,-99,1.7
5/05/2019,12.2,17.2,2.5,0,-99,-99,2.6
6/05/2019,13.5,20.2,0.4,0,-99,-99,2.4
7/05/2019,11.4,24.6,0.4,0,-99,-99,3.8
8/05/2019,10.2,18.7,7.4,0.4,-99,-99,6.8
9/05/2019,5.6,18.6,11.6,0,-99,-99,2.4
10/05/2019,10.7,15.4,7.1,10.6,-99,-99,4.3
11/05/2019,9.4,17.9,7.6,0,-99,-99,2
12/05/2019,6.7,16.6,11.9,0,-99,-99,1.6
13/05/2019,12.6,19.6,1.9,0,-99,-99,3
14/05/2019,12.6,20.7,2,0,-99,-99,3
15/05/2019,12.4,21.3,4,0,-99,-99,2.2
16/05/2019,12.4,21,4.1,0,-99,-99,2
17/05/2019,12.3,20.6,2.1,0,-99,-99,1.7
18/05/2019,9.9,25.8,4.2,0,-99,-99,2.8
19/05/2019,7.8,28,13.5,0,-99,-99,1.6
20/05/2019,12,21.8,13.2,5.5,-99,-99,4
21/05/2019,10.3,22.6,5.9,0,-99,-99,3.7
22/05/2019,11.8,26.1,4.4,0,-99,-99,1.6
23/05/2019,11.4,28.2,6.4,0,-99,-99,0.8
24/05/2019,7.1,26.6,12.6,0,-99,-99,2.4
25/05/2019,10.3,22,8.1,0,-99,-99,2.4
26/05/2019,9.2,17.5,6.5,0.6,-99,-99,1.8
27/05/2019,9.6,14.8,8.6,1.4,-99,-99,1.8
28/05/2019,8.5,17.4,7.4,0.7,-99,-99,2.2
29/05/2019,7.9,13.6,10.2,1.1,-99,-99,1.6
30/05/2019,10.3,15.2,4.1,0.4,-99,-99,3.1
31/05/2019,6.5,16.2,8.4,0,-99,-99,3.7
1/06/2019,10.5,17.1,6.6,0.8,-99,-99,2.9
2/06/2019,8.2,16.5,7,0,-99,-99,1.8
3/06/2019,10.7,15.2,5.7,0.7,-99,-99,1.4
4/06/2019,10.7,15,3.5,0,-99,-99,2.2
5/06/2019,9.6,13.9,3.2,0,-99,-99,1.8
6/06/2019,6.2,13.5,7.7,0,-99,-99,1.6
7/06/2019,10.8,17.7,-0.4,0,-99,-99,1.6
8/06/2019,10.7,19.9,-1.4,0,-99,-99,1.4
9/06/2019,4.4,16.6,2.7,0,-99,-99,1.6
10/06/2019,10.8,20.1,10.3,0,-99,-99,1.5
11/06/2019,10.5,22.8,-0.1,0,-99,-99,1.4
12/06/2019,4.1,16.5,8.6,15.6,-99,-99,1.4
13/06/2019,10.3,17.9,6.4,3.4,-99,-99,2.6
14/06/2019,10.2,18.3,6.2,0.2,-99,-99,0.8
15/06/2019,10.5,17.8,4.6,1,-99,-99,1.5
16/06/2019,10.6,18.7,6.1,0.4,-99,-99,2
17/06/2019,10.5,18.5,1.4,0,-99,-99,1.8
18/06/2019,9.1,15.1,7.8,0.2,-99,-99,1
19/06/2019,9.6,12.7,-1.7,0,-99,-99,2.6
20/06/2019,9.6,14.9,0,0,-99,-99,3.2
21/06/2019,10.7,13.7,-2,0,-99,-99,0.9
22/06/2019,10.4,14.1,-2.4,0,-99,-99,1.2
23/06/2019,10.7,13,-3.3,0,-99,-99,1.9
24/06/2019,9.1,14.1,-3.9,0,-99,-99,0.9
25/06/2019,10.8,18,2.3,0,-99,-99,0.4
26/06/2019,10.8,19.2,1.6,0,-99,-99,1.9
27/06/2019,10.8,21.7,5.2,0,-99,-99,1.8
28/06/2019,10.5,23.8,7.7,0,-99,-99,0.8
29/06/2019,6.7,14.7,12,2.7,-99,-99,1.4
30/06/2019,10.2,14.4,4.9,4.2,-99,-99,1.7
1/07/2019,6.7,14.4,2.5,0,-99,-99,1
2/07/2019,10.8,17.7,1.8,0,-99,-99,0.8
3/07/2019,8.7,16.7,6.7,0,-99,-99,1.1
4/07/2019,11,16.4,6.8,0,-99,-99,1.9
5/07/2019,11,20.6,5.4,0,-99,-99,1.5
6/07/2019,10.7,21.8,6.6,0,-99,-99,2.6
7/07/2019,7.1,17.6,11.8,4,-99,-99,3
8/07/2019,10.9,16.5,1.5,2.8,-99,-99,1
9/07/2019,11.2,16.7,4,0.3,-99,-99,1.3
10/07/2019,11.3,19.7,2.8,0,-99,-99,1.6
11/07/2019,9.3,17.9,8.9,0.4,-99,-99,4.4
12/07/2019,8.5,17.2,12,0,-99,-99,2.4
13/07/2019,11.2,14,5.3,1.8,-99,-99,3.6
14/07/2019,9,14.6,4.5,0,-99,-99,2.2
15/07/2019,8.5,15.3,8.7,0.2,-99,-99,1.3
16/07/2019,8,15.4,9.8,0.4,-99,-99,1.2
17/07/2019,9,15.9,7.6,0.6,-99,-99,1.2
18/07/2019,11.1,17.7,3.5,0,-99,-99,1.8
19/07/2019,11.9,18.9,2,0,-99,-99,2.3
20/07/2019,12,20.6,2.8,0,-99,-99,2.6
21/07/2019,12,17.3,9.8,0,-99,-99,5
22/07/2019,12.1,20.4,1.1,0,-99,-99,2.4
23/07/2019,11.7,18.3,9.2,0,-99,-99,4
24/07/2019,10.4,17.2,7.7,1.2,-99,-99,4.4
25/07/2019,11.5,19.4,3.1,0,-99,-99,2
26/07/2019,7.8,17.5,7.4,0,-99,-99,1.3
27/07/2019,10.9,16.5,4.9,0.2,-99,-99,1.4
28/07/2019,10,18.6,1.5,0,-99,-99,1.8
29/07/2019,9.3,16,9.5,2.4,-99,-99,0.8
30/07/2019,11.1,14.3,2.7,0.1,-99,-99,2.1
31/07/2019,8,12.8,4.5,0,-99,-99,1.5
1/08/2019,9.3,14.2,7.9,0,-99,-99,2.1
2/08/2019,8.1,14.9,2.6,0,-99,-99,2.4
3/08/2019,7.9,14.7,9.5,0,-99,-99,1.4
4/08/2019,11.8,16.5,8.7,0,-99,-99,1.7
5/08/2019,13.6,19.5,0.8,0,-99,-99,2.4
6/08/2019,13.7,22.8,0.4,0,-99,-99,3
7/08/2019,9.4,16.9,6.6,0,-99,-99,3.1
8/08/2019,10.8,15.7,7.3,1,-99,-99,3
9/08/2019,12.7,14.9,7.7,0,-99,-99,4
10/08/2019,12.8,13.9,5.1,2.4,-99,-99,4.4
11/08/2019,13.2,14.1,8.1,2.4,-99,-99,2.1
12/08/2019,12.9,13.5,1.3,0,-99,-99,3.4
13/08/2019,8.4,13,7.4,0,-99,-99,1.5
14/08/2019,14.7,18.6,-2.3,0,-99,-99,1.4
15/08/2019,12.5,22.6,-0.5,0,-99,-99,3.1
16/08/2019,9.4,17.9,10.4,0,-99,-99,4
17/08/2019,15,19.8,-0.8,0,-99,-99,3.4
18/08/2019,12.8,15.6,9.4,0.8,-99,-99,3.8
19/08/2019,13.6,15.5,4,0.5,-99,-99,3.7
20/08/2019,11.3,18.1,4.5,0,-99,-99,3.4
21/08/2019,11.9,19.4,9.3,0,-99,-99,2.2
22/08/2019,11,16.5,9.4,0,-99,-99,3.6
23/08/2019,15.8,20.3,-0.4,0,-99,-99,2.6
24/08/2019,15.1,24.5,6,0,-99,-99,3.2
25/08/2019,12.4,14.7,1.4,0,-99,-99,5.4
26/08/2019,13.5,16.5,1.7,0,-99,-99,2.5
27/08/2019,14.3,17.9,-0.7,0,-99,-99,2.4
28/08/2019,11.4,17.3,0.1,0,-99,-99,2.8
29/08/2019,16.7,15.2,0.2,0.1,-99,-99,2.9
30/08/2019,16.8,19.2,-2.5,0,-99,-99,3.4
31/08/2019,16.9,24.1,2,0,-99,-99,3.2
1/09/2019,17,22.2,10.1,0,-99,-99,7.4
2/09/2019,14.8,25.1,-0.9,0,-99,-99,6
3/09/2019,17.3,24.7,9.5,0,-99,-99,4.7
4/09/2019,10.2,23.6,7.7,0.4,-99,-99,4.4
5/09/2019,16.1,26.1,11,0,-99,-99,3.2
6/09/2019,10.6,16.1,9.8,0,-99,-99,6.8
7/09/2019,13.7,16.9,7.1,6,-99,-99,5.2
8/09/2019,13.6,18.1,6.1,0,-99,-99,3.6
9/09/2019,18.2,17.3,5.3,1.5,-99,-99,3.9
10/09/2019,18.2,18.1,0.6,0,-99,-99,4
11/09/2019,18.4,25.2,0,0,-99,-99,3.6
12/09/2019,18.7,25,8.6,0,-99,-99,5.6
13/09/2019,18.7,21.8,7.2,0,-99,-99,6.5
14/09/2019,18.7,24.9,9.5,0,-99,-99,4
15/09/2019,14.5,31.8,12.2,0,-99,-99,4.6
16/09/2019,7.8,14,10.2,0,-99,-99,7
17/09/2019,19.8,16.3,0.7,3.6,-99,-99,2.8
18/09/2019,19.9,21.1,-0.8,0,-99,-99,4
19/09/2019,17.5,29.3,7.2,0,-99,-99,5.2
20/09/2019,15.5,28,17.9,0,-99,-99,11.3
21/09/2019,15.2,16.4,9.3,5.3,-99,-99,7.3
22/09/2019,16.8,17.6,2.4,0.6,-99,-99,2.9
23/09/2019,19.3,18.6,7,0.1,-99,-99,4.1
24/09/2019,17.3,18.3,3.8,0,-99,-99,5.2
25/09/2019,19.1,20.4,4.3,0,-99,-99,3
26/09/2019,21.1,25.9,3.5,0,-99,-99,4
27/09/2019,20.4,26.9,5.1,0,-99,-99,5.8
28/09/2019,20.3,19.5,1.5,0,-99,-99,7.3
29/09/2019,21.7,20.3,3.1,0,-99,-99,4.8
30/09/2019,21.9,21.7,8.2,0,-99,-99,5.2
1/10/2019,22.5,26.8,4.7,0,-99,-99,5.2
2/10/2019,21.5,34.6,9.5,0,-99,-99,7.5
3/10/2019,22.4,27.4,10.8,0,-99,-99,8.6
4/10/2019,16.5,30.5,8.7,0,-99,-99,7
5/10/2019,11.3,32.7,14.2,0,-99,-99,6.8
6/10/2019,23,25.3,18.3,0,-99,-99,7.3
7/10/2019,14.1,21.4,12.5,0,-99,-99,8.4
8/10/2019,18.4,17.8,8,0,-99,-99,5.7
9/10/2019,23.9,20.4,2.8,0,-99,-99,5.8
10/10/2019,24.1,21.8,4.1,0,-99,-99,5.3
11/10/2019,24.2,22.6,7.2,0,-99,-99,5.8
12/10/2019,24.3,25.2,5.7,0,-99,-99,6.8
13/10/2019,8.1,24.5,10.6,0,-99,-99,5.6
14/10/2019,24.5,25.3,11.7,0,-99,-99,4.6
15/10/2019,21.4,24,6.8,0,-99,-99,7.6
16/10/2019,15.6,21.4,11.1,0.2,-99,-99,5.5
17/10/2019,24.7,20.7,8.1,2.4,-99,-99,5.6
18/10/2019,24.8,26.3,1.5,0,-99,-99,6.4
19/10/2019,23.8,21.1,9.5,0,-99,-99,10.4
20/10/2019,25.7,22.9,3.4,0,-99,-99,7.5
21/10/2019,26,26.7,5.6,0,-99,-99,6.3
22/10/2019,25.9,31.5,8.4,0,-99,-99,6.3
23/10/2019,26.4,33.9,8.1,0,-99,-99,6.6
24/10/2019,26.2,37.9,9.8,0,-99,-99,8
25/10/2019,22.8,23.8,15.7,0.7,-99,-99,15.1
26/10/2019,24.6,22.5,12.4,0,-99,-99,10.4
27/10/2019,21.6,21.5,5.2,0,-99,-99,8.8
28/10/2019,27.1,26.3,3.7,0,-99,-99,5.7
29/10/2019,27.3,33.7,6,0,-99,-99,6
30/10/2019,25.5,36.3,10.7,0,-99,-99,9.2
31/10/2019,27.6,33.1,17.2,0,-99,-99,12
1/11/2019,23,33.9,20.9,0,-99,-99,11
2/11/2019,16.1,23.7,15.7,17,-99,-99,12.6
3/11/2019,25.6,24.4,13.5,3.8,-99,-99,3.8
4/11/2019,20.3,21,9.2,0,-99,-99,7.4
5/11/2019,28.5,24.4,6.2,0.3,-99,-99,7.3
6/11/2019,28.1,28.1,9.5,0,-99,-99,6.3
7/11/2019,25.5,23.3,13.5,0,-99,-99,12
8/11/2019,24,19.5,12.4,0.2,-99,-99,9.4
9/11/2019,26.3,21.8,6.8,0.3,-99,-99,7.6
10/11/2019,28.6,26.1,12,0,-99,-99,9
11/11/2019,29.5,34.7,7.6,0,-99,-99,7.4
12/11/2019,27.7,20.6,11.9,0,-99,-99,14.8
13/11/2019,23.8,22.7,8.8,0,-99,-99,9.3
14/11/2019,26.7,25.8,8.4,0,-99,-99,5.8
15/11/2019,28.4,25.3,9,0,-99,-99,8.6
16/11/2019,28.3,23.1,8.7,0,-99,-99,8.4
17/11/2019,29.8,24.4,7.1,0,-99,-99,8.2
18/11/2019,30.2,35,7.3,0,-99,-99,6.8
19/11/2019,30.3,33.7,11.7,0,-99,-99,10.7
20/11/2019,29,43.5,13.7,0,-99,-99,9.3
21/11/2019,21.3,31.1,27.6,0,-99,-99,19.3
22/11/2019,30.6,27,10.1,0,-99,-99,9.3
23/11/2019,30.2,27,8.6,0,-99,-99,9.2
24/11/2019,30.9,30.1,7.9,0,-99,-99,8.7
25/11/2019,14,32.3,8.7,0,-99,-99,9
26/11/2019,30.6,22.6,12,0,-99,-99,9.7
27/11/2019,31.1,29.4,3.8,0,-99,-99,9.5
28/11/2019,26.6,30.4,10.6,0,-99,-99,9
29/11/2019,29.6,26.9,12.1,0,-99,-99,8.7
30/11/2019,23.8,22.6,8.7,2.6,-99,-99,9
1/12/2019,12.6,21.2,10.2,0,-99,-99,7.2
2/12/2019,20.7,20.8,11.4,0.2,-99,-99,5.9
3/12/2019,24,27,10.9,0,-99,-99,7.5
4/12/2019,31.6,31,12.6,0,-99,-99,9.2
5/12/2019,31.6,32.3,7.4,0,-99,-99,9.2
6/12/2019,31.5,27.3,10.9,0,-99,-99,12
7/12/2019,31.8,29.4,8.1,0,-99,-99,9.8
8/12/2019,31.8,36.5,10.6,0,-99,-99,7.4
9/12/2019,24.5,37.4,15.2,0,-99,-99,10.8
10/12/2019,30.7,29.7,14.1,0,-99,-99,13.4
11/12/2019,31.9,29.2,11.3,0,-99,-99,10.7
12/12/2019,31.5,26.9,12.2,0,-99,-99,10.6
13/12/2019,31.7,27.3,9.8,0,-99,-99,10.2
14/12/2019,31.1,29.4,12.4,0,-99,-99,10
15/12/2019,29.6,33.5,8.8,0,-99,-99,10
16/12/2019,32.2,37.1,10.5,0,-99,-99,10.6
17/12/2019,31.4,39.4,14.8,0,-99,-99,10.4
18/12/2019,32.2,44.3,15.7,0,-99,-99,9
19/12/2019,31.7,45.4,18.3,0,-99,-99,13.8
20/12/2019,28.5,47.3,26,0,-99,-99,14.1
21/12/2019,30.1,30.1,17.4,0,-99,-99,18
22/12/2019,26.9,31.2,14.5,0,-99,-99,13
23/12/2019,26.6,36.6,17.2,0,-99,-99,8.8
24/12/2019,31.3,36.8,17.6,0,-99,-99,12.6
25/12/2019,31.8,38.1,18.5,0,-99,-99,14.7
26/12/2019,31.9,37.8,17.5,0,-99,-99,13.9
27/12/2019,30.6,41.9,19,0,-99,-99,12
28/12/2019,17.4,39.2,24.7,0,-99,-99,14
29/12/2019,29.7,43.1,20.3,0,-99,-99,9.8
30/12/2019,22.9,44.6,23.2,0.1,-99,-99,12.9
31/12/2019,31.7,27.8,14.4,0,-99,-99,18
1/01/2020,31.6,30.5,11.4,0,-99,-99,11.6
2/01/2020,31.8,34.8,13.4,0,-99,-99,10.7
3/01/2020,31.5,41.4,12.5,0,-99,-99,9.2
4/01/2020,27.7,28.6,20.5,0,-99,-99,14.2
5/01/2020,3.2,14.8,14.4,0,-99,-99,12
6/01/2020,21,27.4,12.3,11.6,-99,-99,1.2
7/01/2020,31.3,33.1,13.4,0,-99,-99,4.8
8/01/2020,31.5,35.6,17.3,0,-99,-99,9.7
9/01/2020,31.2,38.8,17.8,0,-99,-99,10.4
10/01/2020,16.4,31,23.5,0,-99,-99,10.5
11/01/2020,28.8,27.2,12.5,0.6,-99,-99,6.7
12/01/2020,31.5,30.7,12.1,0,-99,-99,10
13/01/2020,31.3,35.5,13.9,0,-99,-99,9.4
14/01/2020,30,39.4,18,0,-99,-99,10.6
15/01/2020,27.1,33.4,17.5,0,-99,-99,11.2
16/01/2020,30.4,27.9,13.7,0,-99,-99,12
17/01/2020,30.8,27.5,11.7,0,-99,-99,15.75
18/01/2020,23.2,29.4,12.5,0,-99,-99,19.5
19/01/2020,13.5,25.2,14.3,0,-99,-99,9.6
20/01/2020,24,25,16,1.6,-99,-99,4.6
21/01/2020,30.3,30.5,11.6,0,-99,-99,8.8
22/01/2020,7.3,34.6,13.7,0,-99,-99,8.3
23/01/2020,21.5,24.1,17.2,0,-99,-99,8
24/01/2020,29.2,27.9,7.7,0.9,-99,-99,9.7
25/01/2020,30.2,31.5,11.3,0,-99,-99,8
26/01/2020,29.5,32.8,15,0,-99,-99,9.3
27/01/2020,29.4,32.8,14.2,0,-99,-99,10.8
28/01/2020,27.1,34.5,12.9,0,-99,-99,10.7
29/01/2020,29.7,37.9,11.8,0,-99,-99,9.2
30/01/2020,29.2,43.5,13.9,0,-99,-99,8.7
31/01/2020,18,40.5,28.7,0,-99,-99,11.6
1/02/2020,6.5,28.2,24.8,6.6,-99,-99,10.2
2/02/2020,22.4,25.7,14.8,11.6,-99,-99,4.5
3/02/2020,18.9,24,14,0,-99,-99,6.5
4/02/2020,29.1,26.4,10.5,0,-99,-99,8
5/02/2020,29,29.7,12.9,0,-99,-99,9
6/02/2020,24.2,34.5,15.8,0,-99,-99,9.8
7/02/2020,24.7,32.1,18.4,4,-99,-99,8
8/02/2020,27.4,33.2,20.1,0,-99,-99,8.7
9/02/2020,15.5,29.6,20.9,0,-99,-99,11.6
10/02/2020,27.8,32.7,16.3,0,-99,-99,14.4
11/02/2020,28,30.7,16.7,0,-99,-99,17.2
12/02/2020,16.6,29.3,17.4,0,-99,-99,9.6
13/02/2020,27.6,36.2,19.5,0,-99,-99,6.6
14/02/2020,26.2,32.6,19.2,0,-99,-99,9
15/02/2020,20.7,29,17.8,0,-99,-99,10.5
16/02/2020,27,27.9,14.3,0,-99,-99,8.8
17/02/2020,25.6,32.8,12.7,0,-99,-99,8
18/02/2020,24,26.4,15.1,0,-99,-99,7.6
19/02/2020,18.7,24.4,15.1,0,-99,-99,10.3
20/02/2020,24.5,25.2,10.1,0,-99,-99,7.6
21/02/2020,26.2,26.7,11.5,0,-99,-99,8.6
22/02/2020,26,28.8,11.2,0,-99,-99,8.4
23/02/2020,25.8,34.3,11.2,0,-99,-99,8
24/02/2020,23.7,36,18.3,0,-99,-99,7.4
25/02/2020,25.4,33.1,16.5,0,-99,-99,9
26/02/2020,18.3,24.6,15.4,0,-99,-99,10.6
27/02/2020,24.8,24.8,7.4,0,-99,-99,8
28/02/2020,20.6,26.4,13.2,0,-99,-99,7.5
29/02/2020,24.1,29.8,12.6,0,-99,-99,7.6
1/03/2020,23.6,36.8,13,0,-99,-99,6.1
2/03/2020,22.5,25.1,14.2,0,-99,-99,11.6
3/03/2020,15.1,24.1,12.5,0,-99,-99,9.4
4/03/2020,5.1,17.2,13.8,1.7,-99,-99,4.5
5/03/2020,12,22.4,15,6.7,-99,-99,1.3
6/03/2020,16.9,25.1,13.8,0,-99,-99,6.2
7/03/2020,23.4,25.3,11.3,0,-99,-99,5.8
8/03/2020,23.3,26.8,12.3,0,-99,-99,7.3
9/03/2020,22.3,26.9,12.9,0,-99,-99,7
10/03/2020,22.3,31.3,15.4,0,-99,-99,6.6
11/03/2020,21.7,34.1,14.7,0,-99,-99,5.6
12/03/2020,21.2,34.4,16.3,0,-99,-99,9.5
13/03/2020,22,28.5,21.4,0,-99,-99,9.4
14/03/2020,21.9,23.5,8.2,0,-99,-99,11
15/03/2020,21.8,25.1,9.2,0,-99,-99,8.3
16/03/2020,21.3,28.1,9.7,0,-99,-99,6.6
17/03/2020,21.1,32.2,11,0,-99,-99,6.4
18/03/2020,19.5,36,15,0,-99,-99,7.6
19/03/2020,16.3,38.2,15.9,0,-99,-99,7.1
20/03/2020,19.3,27,14.1,0,-99,-99,11.6
21/03/2020,20.1,26.7,10.5,0,-99,-99,7.2
22/03/2020,18.3,24.2,11.7,0,-99,-99,6.4
23/03/2020,19.6,23,8.8,0,-99,-99,6.8
24/03/2020,8,19.4,11.1,0,-99,-99,5.9
25/03/2020,19.6,23.1,9.4,0,-99,-99,3.4
26/03/2020,19.4,25.5,6.9,0,-99,-99,6.4
27/03/2020,17.1,29,6.7,0,-99,-99,5.6
28/03/2020,16.6,32,11.5,0,-99,-99,4.8
29/03/2020,8.1,25.8,18.4,0,-99,-99,7.1
30/03/2020,18.8,25.1,10.5,1,-99,-99,2.9
31/03/2020,18.5,25.5,6.6,0,-99,-99,6.6
1/04/2020,2.7,16,10.7,0,-99,-99,3.5
2/04/2020,16.1,23,14,11.2,-99,-99,1.2
3/04/2020,15.7,28.9,15.8,0,-99,-99,3.1
4/04/2020,13.1,20.2,12.4,3.6,-99,-99,7.6
5/04/2020,14,22.1,10.9,1,-99,-99,3.9
6/04/2020,11.5,20.8,11.9,0.6,-99,-99,4.4
7/04/2020,13.1,21.7,10.1,0,-99,-99,2.7
8/04/2020,17.4,21.8,7.9,0,-99,-99,3.2
9/04/2020,16.1,23.7,10,0,-99,-99,5
10/04/2020,14.5,25.5,7.6,0,-99,-99,3.5
11/04/2020,15.1,21.2,15,0,-99,-99,6.6
12/04/2020,16,19.2,5.8,0,-99,-99,7.4
13/04/2020,16.5,24.3,3,0,-99,-99,2.8
14/04/2020,15.9,27.7,5.7,0,-99,-99,3.4
15/04/2020,12.9,29.7,8.3,0,-99,-99,6
16/04/2020,13.7,24.4,16.6,0,-99,-99,5.6
17/04/2020,10,20.6,5.3,0,-99,-99,5.7
18/04/2020,10.9,20.8,11.4,0,-99,-99,2.8
19/04/2020,11.8,22,11.4,0.4,-99,-99,3.2
20/04/2020,9.5,22.9,14.7,0,-99,-99,5.3
21/04/2020,14.5,25.1,4.1,0,-99,-99,4
22/04/2020,14.7,25.1,6,0,-99,-99,4
23/04/2020,4.7,23.5,8.9,0,-99,-99,3.2
24/04/2020,14.3,21.9,12,6,-99,-99,2.2
25/04/2020,13.1,27.2,8.2,0,-99,-99,2.8
26/04/2020,12,20.6,14.8,19.8,-99,-99,4.5
27/04/2020,14.5,19.3,6,0.1,-99,-99,3.3
28/04/2020,4.5,18.5,8.9,0,-99,-99,1.7
29/04/2020,6.3,15.1,13.7,6.6,-99,-99,1.5
30/04/2020,12.8,15.4,8.4,11.4,-99,-99,2.4
1/05/2020,11,16.7,8.5,0,-99,-99,3
2/05/2020,10.9,17.5,12.3,1.8,-99,-99,3.1
3/05/2020,11.4,15.2,4.6,1.6,-99,-99,2
4/05/2020,12.6,16.6,9.1,0,-99,-99,1.7
5/05/2020,13.5,18.5,2.5,0,-99,-99,2.6
6/05/2020,11,22.1,6.1,0,-99,-99,2.4
7/05/2020,11.9,26.6,12,0,-99,-99,3.8
8/05/2020,11.1,20.7,8.1,0,-99,-99,6.8
9/05/2020,12.4,16.9,9.7,1,-99,-99,2.4
10/05/2020,11.5,17,5.8,0,-99,-99,4.3
11/05/2020,12.7,18.8,1.8,0,-99,-99,2
12/05/2020,11.8,20.6,4,0,-99,-99,1.6
13/05/2020,11.6,16.4,5.8,0.6,-99,-99,3
14/05/2020,12.4,15.5,2.4,0,-99,-99,3
15/05/2020,12.4,16,-0.9,0,-99,-99,2.2
16/05/2020,12.3,19.3,-1.1,0,-99,-99,2
17/05/2020,12.2,20.7,2.5,0,-99,-99,1.7
18/05/2020,10.8,22.7,5.6,0,-99,-99,2.8
19/05/2020,10.1,24.7,9.2,0,-99,-99,1.6
20/05/2020,10.6,16.7,7.1,0.6,-99,-99,4
21/05/2020,10.3,14.4,6,4.6,-99,-99,3.7
22/05/2020,7.4,14.1,9.1,0,-99,-99,1.6
23/05/2020,9.1,16.1,11.2,1.4,-99,-99,0.8
24/05/2020,6.4,13,10.1,0,-99,-99,2.4
25/05/2020,11.3,15.8,1.8,0,-99,-99,2.4
26/05/2020,8.8,17.7,2.1,0,-99,-99,1.8
27/05/2020,9.4,19.9,8.6,0,-99,-99,1.8
28/05/2020,9.7,19,3,0,-99,-99,2.2
29/05/2020,11.3,20.6,1.6,0,-99,-99,1.6
30/05/2020,10.6,20.9,5.2,0,-99,-99,3.1
31/05/2020,7.4,16,8.6,0,-99,-99,3.7
1/06/2020,8,13.5,7.4,0.6,-99,-99,2.9
2/06/2020,10.1,16.6,6.5,0.8,-99,-99,1.8
3/06/2020,8.1,14.2,9.8,0,-99,-99,1.4
4/06/2020,11,14.7,1,0.2,-99,-99,2.2
5/06/2020,11,16.9,-2.3,0,-99,-99,1.8
6/06/2020,9.5,15.2,-1.3,0,-99,-99,1.6
7/06/2020,9.8,14.5,2.3,0,-99,-99,1.6
8/06/2020,10.9,13.5,-3,0,-99,-99,1.4
9/06/2020,10.6,15.7,-2.6,0,-99,-99,1.6
10/06/2020,10.8,17.4,-2.2,0,-99,-99,1.5
11/06/2020,10.8,17.9,-2.3,0,-99,-99,1.4
12/06/2020,10.5,19.4,-0.8,0,-99,-99,1.4
13/06/2020,4,15.1,4.8,0,-99,-99,2.6
14/06/2020,10.4,17.3,4.7,6.4,-99,-99,0.8
15/06/2020,9.4,19,8.5,0,-99,-99,1.5
16/06/2020,7.5,18.3,10.2,0,-99,-99,2
17/06/2020,9.9,16.6,4.9,0,-99,-99,1.8
18/06/2020,10.7,18.6,3.8,0.2,-99,-99,1
19/06/2020,10,22.1,4.3,0,-99,-99,2.6
20/06/2020,8.2,15.8,4,0,-99,-99,3.2
21/06/2020,9,14.2,9.6,3,-99,-99,0.9
22/06/2020,9.6,14.6,6.9,2,-99,-99,1.2
23/06/2020,8.1,15.5,7.7,0.2,-99,-99,1.9
24/06/2020,6.1,13.8,9.6,0.4,-99,-99,0.9
25/06/2020,10.8,18.7,0.4,0.2,-99,-99,0.4
26/06/2020,9.7,15.7,0.4,0,-99,-99,1.9
27/06/2020,10.4,17.3,2.5,0,-99,-99,1.8
28/06/2020,10.8,15.9,-1.1,0,-99,-99,0.8
29/06/2020,10.7,15.4,-1.9,0,-99,-99,1.4
30/06/2020,10.5,19,-0.7,0.2,-99,-99,1.7
1/07/2020,10.8,24.3,0.2,0,-99,-99,2.4
2/07/2020,9.8,16.1,7.2,0,-99,-99,4
3/07/2020,10.1,16.2,3.4,0.4,-99,-99,7.4
4/07/2020,8.8,15.9,4.3,0.2,-99,-99,2.2
5/07/2020,6.8,14.5,7.9,0.6,-99,-99,1.2
6/07/2020,10,14.4,7.7,0.4,-99,-99,1.85
7/07/2020,6.4,13.2,9.5,0,-99,-99,2.5
8/07/2020,9.7,13.8,0.8,0,-99,-99,1.8
9/07/2020,10.2,15.5,4.8,0,-99,-99,1.2
10/07/2020,10.5,19.7,2,0,-99,-99,1.075
11/07/2020,9.4,13.2,3.8,3.4,-99,-99,0.95
12/07/2020,7,13.2,3,0,-99,-99,0.825
13/07/2020,11.4,16.9,5.5,0.2,-99,-99,0.7
14/07/2020,11.6,15.5,0,0,-99,-99,1.4
15/07/2020,11.5,16.2,-1.4,0.2,-99,-99,1.6
16/07/2020,11.7,18.2,-1.8,0,-99,-99,1.7
17/07/2020,11.8,18.5,-1.4,0,-99,-99,1.4
18/07/2020,7.6,18.4,1.4,0,-99,-99,2.4
19/07/2020,11.2,18,2.8,0,-99,-99,2.3
20/07/2020,10.4,16.5,0.3,0,-99,-99,2.5
21/07/2020,11,13.7,1.7,0,-99,-99,1.8
22/07/2020,7.5,12.7,-1.4,0,-99,-99,1.2
23/07/2020,12.3,14.8,-4,0,-99,-99,0.5
24/07/2020,12.3,18.4,-2,0,-99,-99,1.5
25/07/2020,12.4,18.6,2.7,0.2,-99,-99,2.8
26/07/2020,12.4,18.6,-0.5,0,-99,-99,2
27/07/2020,11.5,17.4,7.6,0,-99,-99,2.2
28/07/2020,12.1,16.7,2.8,0,-99,-99,3.5
29/07/2020,12.8,18.7,-1.5,0.2,-99,-99,1.4
30/07/2020,10.6,17.3,2.3,0.2,-99,-99,2.5
31/07/2020,12.9,19.8,-1.4,0,-99,-99,0.9
1/08/2020,12.8,22,-0.3,0,-99,-99,2
2/08/2020,13.2,22.9,1.1,0,-99,-99,4
3/08/2020,11.2,16.5,4.1,0,-99,-99,1.8
4/08/2020,13.4,13.9,2.8,0,-99,-99,1.2
5/08/2020,13.2,14.2,-4.6,0,-99,-99,2.8
6/08/2020,8.6,12.7,-1.5,0,-99,-99,2.1
7/08/2020,13.6,19.2,1.4,0,-99,-99,3.1
8/08/2020,13.6,18.1,2.1,0,-99,-99,3
9/08/2020,6.1,18.6,6.3,0,-99,-99,4
10/08/2020,12.4,12.2,3,1,-99,-99,4.4
11/08/2020,12.1,12.8,1.3,0.4,-99,-99,2.1
12/08/2020,10.7,14.1,4.7,0.8,-99,-99,3.4
13/08/2020,14.5,17.2,-1,0,-99,-99,1.5
14/08/2020,8.4,18.1,7.4,0,-99,-99,1.4
15/08/2020,13.7,16,6.9,2,-99,-99,3.1
16/08/2020,14.6,17.7,0.1,0,-99,-99,4
17/08/2020,16.3,22.1,5.3,0,-99,-99,3.4
18/08/2020,13.3,28.1,8.5,0,-99,-99,3.8
19/08/2020,0.5,13.7,13.2,0.6,-99,-99,3.7
20/08/2020,13.4,16.7,8.4,9.2,-99,-99,3.4
21/08/2020,12.1,17.8,7.3,0,-99,-99,2.2
22/08/2020,12.2,15.4,7.8,0.4,-99,-99,3.6
23/08/2020,17,14.4,2,0,-99,-99,2.6
24/08/2020,15.6,16.1,1.2,0,-99,-99,3.2
25/08/2020,17.4,18.2,0.1,0,-99,-99,5.4
26/08/2020,17.5,20.6,4.9,0,-99,-99,2.5
27/08/2020,16.2,22.7,3.4,0,-99,-99,2.4
28/08/2020,13.8,25.6,5,0,-99,-99,2.8
29/08/2020,15.1,28.7,13.5,0,-99,-99,2.9
30/08/2020,16.2,27.1,14.1,0,-99,-99,3.4
31/08/2020,15.7,16.3,8.6,3.2,-99,-99,3.2
1/09/2020,13.3,16,1.6,0,-99,-99,7.4
2/09/2020,18.4,21.2,4.8,0,-99,-99,6
3/09/2020,2.4,12,10.9,3.6,-99,-99,4.7
4/09/2020,9.85,16.5,5.2,8.8,-99,-99,4.4
5/09/2020,17.3,18.6,3.3,0,-99,-99,3.2
6/09/2020,19.6,21,4,0,-99,-99,6.8
7/09/2020,18.6,25.4,12.3,0.6,-99,-99,5.2
8/09/2020,9.7,27.6,11.7,0,-99,-99,3.6
9/09/2020,18.9,25.6,12.5,1.4,-99,-99,3.9
10/09/2020,11.4,17.9,7.4,0,-99,-99,4
11/09/2020,14.3,13.5,6.9,0,-99,-99,3.6
12/09/2020,15.5,17.2,4.7,0.2,-99,-99,5.6
13/09/2020,18.3,19.8,4.9,0,-99,-99,6.5
14/09/2020,17.5,20.9,9,0,-99,-99,4
15/09/2020,18.5,17.9,7,0.2,-99,-99,4.6
16/09/2020,15.6,14.5,5.9,0,-99,-99,7
17/09/2020,13.4,18.4,5.5,4.2,-99,-99,2.8
18/09/2020,20,23.2,2.1,0,-99,-99,4
19/09/2020,16.9,19.7,4.6,0,-99,-99,5.2
20/09/2020,21.9,19.9,4.4,0,-99,-99,11.3
21/09/2020,22.4,26.1,5.3,0,-99,-99,7.3
22/09/2020,9.2,23.8,14.3,0.6,-99,-99,2.9
23/09/2020,6.5,19.2,9.7,0,-99,-99,4.1
24/09/2020,14,17.8,9.6,0,-99,-99,5.2
25/09/2020,0.6,14.9,11.6,0,-99,-99,3
26/09/2020,19.3,19,11,14.6,-99,-99,4
27/09/2020,24.4,21,5.3,0,-99,-99,5.8
28/09/2020,11.3,22.1,13,3.4,-99,-99,7.3
29/09/2020,22.2,18.8,6.9,3.2,-99,-99,4.8
30/09/2020,24,25.1,5.3,0,-99,-99,5.2
1/10/2020,24.3,27.1,8.2,0,-99,-99,5.2
2/10/2020,24.7,28.5,7.5,0,-99,-99,7.5
3/10/2020,24.5,22,12.4,0,-99,-99,8.6
4/10/2020,24.5,26.4,5.6,0,-99,-99,7
5/10/2020,4.6,21,15.2,0,-99,-99,6.8
6/10/2020,23.9,22.8,9.2,0,-99,-99,7.3
7/10/2020,3.3,19.5,8.1,11.2,-99,-99,8.4
8/10/2020,16.4,16.2,7,10.2,-99,-99,5.7
9/10/2020,22.3,17.9,8.7,3.6,-99,-99,5.8
10/10/2020,25.8,24.9,4.1,0,-99,-99,5.3
11/10/2020,25.6,19.3,8.6,0.2,-99,-99,5.8
12/10/2020,26.1,21.5,4,0,-99,-99,6.8
13/10/2020,26.3,25.2,4.8,0,-99,-99,5.6
14/10/2020,27,20.3,4.5,0,-99,-99,4.6
15/10/2020,23.6,25.4,6.1,0,-99,-99,7.6
16/10/2020,25.5,27.4,8.6,0,-99,-99,5.5
17/10/2020,25.9,26.5,10.5,0,-99,-99,5.6
18/10/2020,24.2,26.7,13,0,-99,-99,6.4
19/10/2020,3.5,19.1,15.1,6.4,-99,-99,10.4
20/10/2020,12.7,21.5,15.3,4.8,-99,-99,7.5
21/10/2020,13.3,21.4,12.4,8.4,-99,-99,6.3
22/10/2020,24.2,24,12,0,-99,-99,6.3
23/10/2020,21.2,22.2,14.6,0,-99,-99,6.6
24/10/2020,11.6,19.5,12.5,3.4,-99,-99,8
25/10/2020,26.4,25.7,11.1,18.2,-99,-99,15.1
26/10/2020,25.8,22.4,13.4,0,-99,-99,10.4
27/10/2020,26.8,23.4,7.9,0,-99,-99,8.8
28/10/2020,19,31.2,9.8,0,-99,-99,5.7
29/10/2020,5.2,21.1,16.6,0,-99,-99,6
30/10/2020,18.7,23.9,13.5,5.2,-99,-99,9.2
31/10/2020,29.3,27.3,10.2,0,-99,-99,12
1/11/2020,29.1,31.7,14.3,0,-99,-99,11
2/11/2020,21.5,34.8,18.4,0,-99,-99,12.6
3/11/2020,27.4,23.4,15.6,0,-99,-99,3.8
4/11/2020,28.6,25.6,7.9,0,-99,-99,7.4
5/11/2020,30.5,30.4,10.6,0,-99,-99,7.3
6/11/2020,6.1,28.8,17.1,0,-99,-99,6.3
7/11/2020,22,22.6,14.6,15.4,-99,-99,12
8/11/2020,23.4,27.8,15.7,6.6,-99,-99,9.4
9/11/2020,27,25.3,16.5,0,-99,-99,7.6
10/11/2020,23.9,20.3,11.6,0.4,-99,-99,9
11/11/2020,28.6,22.2,8.4,1,-99,-99,7.4
12/11/2020,30.3,22.9,6.9,0,-99,-99,14.8
13/11/2020,31.7,26.8,7.7,0,-99,-99,9.3
14/11/2020,28.7,33.2,9.1,0,-99,-99,5.8
15/11/2020,31.7,24.9,12,0,-99,-99,8.6
16/11/2020,32.6,28.5,7.9,0,-99,-99,8.4
17/11/2020,32.14782609,33.7,10.3,0,-99,-99,8.2
18/11/2020,31.69565217,29,17,0,-99,-99,6.8
19/11/2020,31.24347826,24.7,15.2,0,-99,-99,10.7
20/11/2020,30.79130435,26.5,9.5,0,-99,-99,9.3
21/11/2020,30.33913043,29.6,10.5,0,-99,-99,19.3
22/11/2020,29.88695652,27.4,10.3,0,-99,-99,9.3
23/11/2020,29.43478261,29,11.5,0,-99,-99,9.2
24/11/2020,28.9826087,31.1,11.9,0,-99,-99,8.7
25/11/2020,28.53043478,36.7,10.3,0,-99,-99,9
26/11/2020,28.07826087,21.7,10.4,1,-99,-99,9.7
27/11/2020,27.62608696,22.7,7,0,-99,-99,9.5
28/11/2020,27.17391304,25.6,8.9,0,-99,-99,9
29/11/2020,26.72173913,28.7,10.2,0,-99,-99,8.7
30/11/2020,26.26956522,31.3,12.8,0,-99,-99,9
1/12/2020,25.8173913,33.5,12.9,0,-99,-99,7.2
2/12/2020,25.36521739,20.4,11.6,4.6,-99,-99,5.9
3/12/2020,24.91304348,25.2,9,1,-99,-99,7.5
4/12/2020,24.46086957,30.9,10.4,0,-99,-99,9.2
5/12/2020,24.00869565,32.8,9,0,-99,-99,9.2
6/12/2020,23.55652174,32.1,18.2,1.4,-99,-99,12
7/12/2020,23.10434783,27.8,11.8,0.2,-99,-99,9.8
8/12/2020,22.65217391,25.8,11.7,0,-99,-99,7.4
9/12/2020,22.2,29.3,8.5,0,-99,-99,10.8
10/12/2020,21.74782609,30.2,11.8,0,-99,-99,13.4
11/12/2020,21.29565217,36.4,14.3,0,-99,-99,10.7
12/12/2020,20.84347826,32.9,23,0,-99,-99,10.6
13/12/2020,20.39130435,26,11.1,0,-99,-99,10.2
14/12/2020,19.93913043,30.9,11.8,0,-99,-99,10
15/12/2020,19.48695652,33.9,14.2,0,-99,-99,10
16/12/2020,19.03478261,25.5,11.8,3.4,-99,-99,10.6
17/12/2020,18.5826087,22.9,12.6,0.6,-99,-99,10.4
18/12/2020,18.13043478,25.1,10.7,0,-99,-99,9
19/12/2020,17.67826087,30.6,10.6,0,-99,-99,13.8
20/12/2020,17.22608696,38.8,12.2,0,-99,-99,14.1
21/12/2020,16.77391304,34.3,24.5,0,-99,-99,18
22/12/2020,16.32173913,32.2,13.3,0,-99,-99,13
23/12/2020,15.86956522,42,16.5,0,-99,-99,8.8
24/12/2020,15.4173913,24.5,14.8,0.4,-99,-99,12.6
25/12/2020,14.96521739,25.6,10.2,0,-99,-99,14.7
26/12/2020,14.51304348,30.6,10.6,0,-99,-99,13.9
27/12/2020,14.06086957,39.6,14.8,0,-99,-99,12
28/12/2020,13.60869565,29.7,14.5,0,-99,-99,14
29/12/2020,13.15652174,36.9,11.5,0,-99,-99,9.8
30/12/2020,12.70434783,43,16,0,-99,-99,12.9
31/12/2020,12.25217391,44.2,20.9,0,-99,-99,18
1/01/2021,11.8,30,23.3,0,-99,-99,11.6
2/01/2021,29.3,28.1,15,1.4,-99,-99,10.7
3/01/2021,27.4,28.2,11.2,0,-99,-99,9.2
4/01/2021,28.6,30.1,14.6,0,-99,-99,14.2
5/01/2021,32.2,32,17.3,0,-99,-99,12
6/01/2021,33.8,32.6,14.8,0,-99,-99,1.2
7/01/2021,33.6,34.6,14.4,0,-99,-99,4.8
8/01/2021,32.6,38.2,16.9,0,-99,-99,9.7
9/01/2021,25.9,40.7,23.7,0,-99,-99,10.4
10/01/2021,25,38.8,20.5,0,-99,-99,10.5
11/01/2021,27.8,31.6,18.2,0.4,-99,-99,6.7
12/01/2021,32.1,33.6,15.6,0,-99,-99,10
13/01/2021,29,32.1,13.2,0,-99,-99,9.4
14/01/2021,22.2,34.1,17,0,-99,-99,10.6
15/01/2021,25.7,34.8,19.6,0,-99,-99,11.2
16/01/2021,21.5,35.2,18.7,0.4,-99,-99,12
17/01/2021,26.2,38,20.4,0,-99,-99,15.75
18/01/2021,25.2,34.6,20.3,0,-99,-99,19.5
19/01/2021,29.5,38.6,20.3,0,-99,-99,9.6
20/01/2021,28.2,42.4,25.2,0,-99,-99,4.6
21/01/2021,30.8,44.3,25.9,0,-99,-99,8.8
22/01/2021,29.5,43.2,25.9,2,-99,-99,8.3
23/01/2021,28.4,30.9,19.9,0,-99,-99,8
24/01/2021,30.5,29.4,13.7,0,-99,-99,9.7
25/01/2021,30,34,12.2,0,-99,-99,8
26/01/2021,22,41.3,17.5,0,-99,-99,9.3
27/01/2021,23.6,36,21.3,0.4,-99,-99,10.8
28/01/2021,22.4,38,20,0,-99,-99,10.7
29/01/2021,26.9,36.8,21.3,0,-99,-99,9.2
30/01/2021,27.8,30.3,16.9,1.8,-99,-99,8.7
31/01/2021,28.1,33.7,15.5,0,-99,-99,11.6
1/02/2021,22.5,33.8,18.8,0,-99,-99,10.2
2/02/2021,20.2,29.2,15.2,0,-99,-99,4.5
3/02/2021,29.6,32.8,14.9,0,-99,-99,6.5
4/02/2021,24.2,30.9,16.5,0,-99,-99,8
5/02/2021,29.3,34.4,17.9,0,-99,-99,9
6/02/2021,29.9,28.1,14.5,0,-99,-99,9.8
7/02/2021,31.6,27.3,9.2,0,-99,-99,8
8/02/2021,27.5,36,8.5,0,-99,-99,8.7
9/02/2021,23.3,23.3,14.7,0.4,-99,-99,11.6
10/02/2021,28.1,25.3,9.4,0,-99,-99,14.4
11/02/2021,29.5,27.2,10.4,0,-99,-99,17.2
12/02/2021,29.6,32.1,10.5,0,-99,-99,9.6
13/02/2021,29.2,25.3,12.4,0,-99,-99,6.6
14/02/2021,28.4,30,10.6,0,-99,-99,9
15/02/2021,24.5,33,14.9,0,-99,-99,10.5
16/02/2021,29.9,38.1,13.4,0,-99,-99,8.8
17/02/2021,29.1,30.4,18.1,0,-99,-99,8
18/02/2021,26.8,28.8,12.5,0,-99,-99,7.6
19/02/2021,29.2,27.6,13.6,0,-99,-99,10.3
20/02/2021,28.5,27.8,12.4,0,-99,-99,7.6
21/02/2021,27.7,30.9,11.2,0,-99,-99,8.6
22/02/2021,25.4,34.3,13.4,0,-99,-99,8.4
23/02/2021,16.5,36.4,18,0,-99,-99,8
24/02/2021,14.9,30.4,20.8,5.2,-99,-99,7.4
25/02/2021,22.7,30.4,18.5,2,-99,-99,9
26/02/2021,25.4,26.5,14.3,0,-99,-99,10.6
27/02/2021,27.2,29.1,11.1,0,-99,-99,8
28/02/2021,26.9,32.5,10.1,0,-99,-99,7.5
1/03/2021,28.7,34.1,14,0,-99,-99,6.1
2/03/2021,27.2,34.2,13.9,0,-99,-99,11.6
3/03/2021,25,35.5,17.1,0,-99,-99,9.4
4/03/2021,25.9,36.8,15.1,0,-99,-99,4.5
5/03/2021,26.4,36.2,17.8,0,-99,-99,1.3
6/03/2021,26.3,26.9,12.5,0,-99,-99,6.2
7/03/2021,26.7,25.7,10.3,0,-99,-99,5.8
8/03/2021,27.2,30.1,9.5,0,-99,-99,7.3
9/03/2021,26.9,34.3,11.4,0,-99,-99,7
10/03/2021,27.1,33.4,11.8,0,-99,-99,6.6
11/03/2021,27.2,36.1,12.5,0,-99,-99,5.6
12/03/2021,21.1,41.2,12.8,0,-99,-99,9.5
13/03/2021,23,25.8,16.8,6.8,-99,-99,9.4
14/03/2021,24.8,24.6,9,0,-99,-99,11
15/03/2021,10.6,24.4,12.5,1,-99,-99,8.3
16/03/2021,17.1,22.6,12.1,0.4,-99,-99,6.6
17/03/2021,22.5,24.4,8.3,0,-99,-99,6.4
18/03/2021,23.9,26.2,11,0,-99,-99,7.6
19/03/2021,24.3,27.5,11.4,0,-99,-99,7.1
20/03/2021,24.1,26.8,11.6,0,-99,-99,11.6
21/03/2021,22.6,30.6,11.8,0,-99,-99,7.2
22/03/2021,20.4,33.2,12.6,0,-99,-99,6.4
23/03/2021,21.4,31.8,14.3,0,-99,-99,6.8
24/03/2021,22.5,32.5,12,0,-99,-99,5.9
25/03/2021,22,33.6,12.9,0,-99,-99,3.4
26/03/2021,17.3,34.2,12.4,0,-99,-99,6.4
27/03/2021,3.9,20.8,17.1,2,-99,-99,5.6
28/03/2021,17.8,27.1,13.7,26.2,-99,-99,4.8
29/03/2021,20.1,28,13.7,0,-99,-99,7.1
30/03/2021,19.7,24.6,12.8,0,-99,-99,2.9
31/03/2021,15.3,22.9,9.2,0,-99,-99,6.6
1/04/2021,18,20,10.6,0.4,-99,-99,3.5
2/04/2021,20,20.1,6.3,0,-99,-99,1.2
3/04/2021,7.2,21,7.7,0,-99,-99,3.1
4/04/2021,12.9,23.8,14.2,0,-99,-99,7.6
5/04/2021,12.4,22.4,11.2,0,-99,-99,3.9
6/04/2021,10.5,18.4,8.5,1,-99,-99,4.4
7/04/2021,12.6,20.8,9.5,0,-99,-99,2.7
8/04/2021,17.1,20.3,7.1,0.2,-99,-99,3.2
9/04/2021,19.4,21.5,5.5,0,-99,-99,5
10/04/2021,11.1,24,3.6,0,-99,-99,3.5
11/04/2021,18,30.1,6.7,0,-99,-99,6.6
12/04/2021,15.7,23.6,11.1,0,-99,-99,7.4
13/04/2021,15.5,26.9,11.9,0,-99,-99,2.8
14/04/2021,9.2,23,14.1,0.4,-99,-99,3.4
15/04/2021,17.4,19.1,4.6,0.4,-99,-99,6
16/04/2021,17.3,20,3.3,0,-99,-99,5.6
17/04/2021,16.6,22,4.5,0,-99,-99,5.7
18/04/2021,15.9,20.6,10.9,4,-99,-99,2.8
19/04/2021,15.8,24.6,8.9,0,-99,-99,3.2
20/04/2021,12.5,20.1,6.6,0,-99,-99,5.3
21/04/2021,14.4,18.2,9.2,0,-99,-99,4
22/04/2021,13,17.8,1.3,0,-99,-99,4
23/04/2021,11.8,19.4,1.7,0,-99,-99,3.2
24/04/2021,15.4,19.9,2.9,0,-99,-99,2.2
25/04/2021,13.8,20.3,4.9,0,-99,-99,2.8
26/04/2021,16.1,23.8,1.2,0,-99,-99,4.5
27/04/2021,11,27.5,3.2,0,-99,-99,3.3
28/04/2021,2.4,17.7,12.6,16.6,-99,-99,1.7
29/04/2021,5.1,17.7,8.7,18.4,-99,-99,1.5
30/04/2021,6.3,20.1,12.8,0,-99,-99,2.4
1/05/2021,12.5,20,8.2,0.2,-99,-99,3
2/05/2021,10.7,19.8,7,0.4,-99,-99,3.1
3/05/2021,8.9,19.6,12.5,0.2,-99,-99,2
4/05/2021,10.2,18.8,8.5,0,-99,-99,1.7
5/05/2021,10.6,20.4,7.3,0,-99,-99,2.6
6/05/2021,11.4,21.4,6.3,0.6,-99,-99,2.4
7/05/2021,13.6,15.1,8.7,7.4,-99,-99,3.8
8/05/2021,9.6,16.4,5.2,0.2,-99,-99,6.8
9/05/2021,11.9,19.4,8,0,-99,-99,2.4
10/05/2021,11,16.8,10.5,0.4,-99,-99,4.3
11/05/2021,8.5,16.2,10.8,0,-99,-99,2
12/05/2021,13.2,16.8,8.6,0,-99,-99,1.6
13/05/2021,7.6,16,3.9,0,-99,-99,3
14/05/2021,6.5,16.3,11.4,0,-99,-99,3
15/05/2021,11.4,19.6,8.7,0,-99,-99,2.2
16/05/2021,12.5,21.6,3.6,0,-99,-99,2
17/05/2021,10.9,19.8,3.9,0,-99,-99,1.7
18/05/2021,6.2,18.8,4.7,0,-99,-99,2.8
19/05/2021,10.8,20.9,0.9,0,-99,-99,1.6
20/05/2021,12,16.7,3.6,0,-99,-99,4
21/05/2021,9.1,14.9,0.3,0,-99,-99,3.7
22/05/2021,10.9,14.5,3.6,0,-99,-99,1.6
23/05/2021,5.9,10.9,3.3,0,-99,-99,0.8
24/05/2021,11.4,13.5,-3.2,0,-99,-99,2.4
25/05/2021,9.9,15.4,-3.2,0,-99,-99,2.4
26/05/2021,10.4,18.8,2.7,0,-99,-99,1.8
27/05/2021,11,17.4,1.5,0,-99,-99,1.8
28/05/2021,8.5,16.4,5.9,0,-99,-99,2.2
29/05/2021,8.4,14.4,9.1,0,-99,-99,1.6
30/05/2021,10.7,14.7,-3.3,0,-99,-99,3.1
31/05/2021,9,18.3,0.2,0,-99,-99,3.7
1/06/2021,6.8,14.9,7.7,0.6,-99,-99,2.9
2/06/2021,10.9,16.7,5.1,0,-99,-99,1.8
3/06/2021,9.2,17.4,3.6,0,-99,-99,1.4
4/06/2021,10.2,15.4,4.6,0,-99,-99,2.2
5/06/2021,6.4,14.1,4.9,0,-99,-99,1.8
6/06/2021,10.8,16,0.9,0,-99,-99,1.6
7/06/2021,10.8,16.9,-2.2,0,-99,-99,1.6
8/06/2021,8.2,16.2,-1.2,0,-99,-99,1.4
9/06/2021,10,15.85,1.3,0,-99,-99,1.6
10/06/2021,3.6,15.5,3,2,-99,-99,1.5
11/06/2021,10.7,13.4,4.7,0,-99,-99,1.4
12/06/2021,10.5,13,-1.2,0,-99,-99,1.4
13/06/2021,10.7,14,-4.3,0,-99,-99,2.6
14/06/2021,10.8,14.8,-4.9,0,-99,-99,0.8
15/06/2021,10.7,15,-5.2,0,-99,-99,1.5
16/06/2021,5.6,13.7,1.5,0,-99,-99,2
17/06/2021,10.2,13.5,3.2,0,-99,-99,1.8
18/06/2021,10.1,14.7,-1.4,0,-99,-99,1
19/06/2021,10.4,15.1,-2.2,0,-99,-99,2.6
20/06/2021,4.8,15.3,-1.8,0,-99,-99,3.2
21/06/2021,7.5,16.5,7.5,0.2,-99,-99,0.9
22/06/2021,4.7,16.7,5.4,0,-99,-99,1.2
23/06/2021,8.6,16.8,3.3,0.2,-99,-99,1.9
24/06/2021,7.2,13.9,-0.9,0,-99,-99,0.9
25/06/2021,10.1,15.8,4.5,0,-99,-99,0.4
26/06/2021,9.9,14.5,-2.7,0,-99,-99,1.9
27/06/2021,10.1,17.9,-2.5,0,-99,-99,1.8
28/06/2021,10.5,16.3,-1.9,0,-99,-99,0.8
29/06/2021,8.9,19.5,-1.5,0,-99,-99,1.4
30/06/2021,8.9,17.1,7.1,0,-99,-99,1.7
